time_s,temperature_K,alpha_sei,alpha_anode_electrolyte,alpha_cathode,alpha_electrolyte,qdot_sei_W_per_kg,qdot_anode_electrolyte_W_per_kg,qdot_cathode_W_per_kg,qdot_electrolyte_W_per_kg,qdot_total_W_per_kg
0.0,480.0,0.85,0.25,0.04,0.0,31348.9670917638,0.0,0.7917332853871246,1.9776571889349768,31351.73648223812
0.00016139301608748165,480.0050334554598,0.8500806182535809,0.25,0.040000003395547816,1.2659607283244052e-08,31343.240944358517,0.0,0.7919735216079861,1.9790814686653315,31346.01199934879
0.0003227860321749633,480.01006600786616,0.8501612221225571,0.25,0.04000000679210032,2.5328108208676488e-08,31337.50756079012,0.0,0.7922137827110702,1.9805064884173813,31340.28028106125
0.0019367161930497797,480.0603115030019,0.8509659860371882,0.25,0.04000004084609358,1.5279805497737925e-07,31279.810202682802,0.0,0.79461630537296,1.9947887565223197,31282.599607744694
0.0035506463539245964,480.1104649033288,0.8517692829692145,0.25,0.040000075000883775,2.811655666722449e-07,31221.391860156073,0.0,0.7970212014659234,2.0091445429535564,31224.198025900492
0.008460776246255988,480.2625098681001,0.854204603745872,0.25,0.040000179487233244,6.768763338039741e-07,31039.194055215452,0.0,0.8043534380810816,2.053281155606281,31042.05168980914
0.01337090613858738,480.4136709801425,0.8566258451475472,0.25,0.04000028489994713,1.0809701004527305e-06,30850.35074234528,0.0,0.8117053905875203,2.0980936755977093,30853.260541411466
0.01828103603091877,480.56389671013756,0.8590321860168786,0.25,0.040000391263459514,1.4937698031158163e-06,30654.929662063707,0.0,0.8190739185239927,2.1435689500527926,30657.892304932284
0.03181870147254633,480.9729729165495,0.8655852855265377,0.25,0.040000689464567425,2.6780844416340868e-06,30082.547949233667,0.0,0.839456542997778,2.2723060307194487,30085.659711807384
0.0453563669141739,481.3739599265494,0.8720095157905075,0.25,0.040000995025833055,3.932919738175145e-06,29462.215492618387,0.0,0.8598945370385139,2.405766597653152,29465.48115375308
0.058894032355801464,481.7662190378958,0.8782946955243668,0.25,0.040001307956042016,5.260734683383373e-06,28795.95464923463,0.0,0.8803360569063995,2.5436695109168634,28799.378654802455
0.07243169779742903,482.14915794378925,0.8844313826865373,0.25,0.040001628229483874,6.663680952056147e-06,28086.25608923081,0.0,0.9007284457705348,2.685682470698263,28089.84250014728
0.09700766029782992,482.8187436056017,0.8951640141856076,0.25,0.04000222828610895,9.408996204156341e-06,26696.78585834079,0.0,0.9374481443579639,2.952702702949583,26700.6760091881
0.10358241810522971,482.991945183326,0.8979407871063609,0.25,0.040002392868912356,1.0188040824785526e-05,26305.179177897295,0.0,0.9471712417009387,3.025863044267606,26309.15221218326
0.10606462151577817,483.05666158795844,0.8989783886495741,0.25,0.04000245544549184,1.0487128552304852e-05,26155.34553589827,0.0,0.9508283444872054,3.053648289771071,26159.350012532526
0.10726276936841597,483.0877666789452,0.899477111441755,0.25,0.040002485737045346,1.0632475219304953e-05,26082.643643802054,0.0,0.9525907675345282,3.067090867165213,26086.66332543675
0.10846091722105378,483.11878454095313,0.8999744443403935,0.25,0.04000251608462918,1.0778460600014104e-05,26009.69985310456,0.0,0.954351283386626,3.0805529359005845,26013.73475732385
0.10879922394958479,483.1292374138108,0.9001146264102474,0.2500040862019441,0.04000252466408386,1.0819801505524976e-05,25992.15248747835,10029.59903558809,0.9549452141562959,3.085102521214521,36025.79157080182
0.1091375306781158,483.14108322537487,0.9002547190763303,0.2500115142981922,0.040002533249173765,1.0861206844751608e-05,25977.10658976709,10047.151481470102,0.9556186819366249,3.090266280139523,36028.30395619927
0.1094758374066468,483.1533910889884,0.9003947324472457,0.25002005838059965,0.0400025418404257,1.0902682726845278e-05,25962.872686222592,10065.037598439618,0.9563188801020428,3.0956403454545933,36031.96224388777
0.10981414413517782,483.16565441705956,0.9005346698222472,0.25002850744223176,0.04000255043800152,1.0944231109590096e-05,25948.533578553674,10082.92003372317,0.9570170211040098,3.1010039861798218,36035.51163328413
0.11019482365764674,483.17934002538357,0.9006920420811237,0.25003775689406066,0.04000256011993048,1.0991069593796788e-05,25932.164150093642,10102.997031565155,0.9577966942429468,3.1070003423824986,36039.225978695424
0.11057550318011566,483.19296969322147,0.9008493149229134,0.250046887585249,0.04000256980974139,1.1037998617703332e-05,25915.66367460664,10123.068947167876,0.9585737699599076,3.112983372797763,36042.80417891727
0.11095618270258459,483.20660662118974,0.9010064873977165,0.25005605067871983,0.04000257950740306,1.108501791955411e-05,25899.146491280706,10143.178094830224,0.959351847776461,3.1189807817207003,36046.40291874043
0.11133686222505351,483.22026265496885,0.9011635594425059,0.25006527448966775,0.04000258921292734,1.1132127736516373e-05,25882.63391013485,10163.332525667316,0.9601316054938144,3.1249978317259277,36050.05156523939
0.11284174924808245,483.2742590645597,0.9017835058569753,0.25010191384574604,0.040002627657760435,1.131925368623815e-05,25817.086297477697,10243.332511050377,0.9632205847779939,3.148899991167215,36064.530929104025
0.11434663627111138,483.3283005121334,0.9024018751190804,0.250138897375553,0.04000266622627492,1.1507811571599354e-05,25751.153861391944,10323.872569976716,0.9663214158380541,3.1729997238123433,36079.165752508314
0.11585152329414032,483.382365400378,0.9030186580611722,0.25017617484541455,0.04000270491891074,1.1697812600496337e-05,25684.799109905063,10404.939961433358,0.9694329032317343,3.197289015829544,36093.90579325748
0.12076002671351006,483.55885892141805,0.905019226774679,0.2502998000530408,0.0400028319930077,1.2327766509823555e-05,25465.444586872436,10673.031397184397,0.9796554223868505,3.27784360160617,36142.733483080825
0.12566853013287982,483.7355925761324,0.9070024556319796,0.250426599773771,0.04000296040737571,1.2973606592960695e-05,25241.663555247582,10946.802769258624,0.9899924880106339,3.3604803066801523,36192.81679730089
0.1305770335522496,483.9125738432363,0.9089680121872589,0.2505566417028556,0.04000309017660895,1.3635731810504674e-05,25013.531808274,11226.317192093815,1.0004458728444834,3.4452576788766143,36244.294703919535
0.1461727815057153,484.4766308844757,0.9150921614081177,0.2509921179154853,0.040003511657992485,1.5852490571474387e-05,24260.757109460374,12153.229060877571,1.0344525753816154,3.7295331266070164,36418.75015603993
0.16176852945918102,485.043556507296,0.9210242955562966,0.25146324591792085,0.04000394747759414,1.8252353766047385e-05,23467.79005263067,13140.619326017777,1.069715685718917,4.038141827731867,36613.5172361619
0.17736427741264674,485.6137045056021,0.9267547345309688,0.2519723216663436,0.04000439817144084,2.0851091099390666e-05,22637.94673098371,14190.264254016323,1.1063068733064616,4.37344359048623,36833.690735463824
0.19296002536611245,486.1875109768849,0.9322747121392956,0.25252170066700563,0.0400048643073502,2.3666049085783618e-05,21774.905214081646,15303.871605849085,1.1443082264029871,4.738115639642051,37084.65924379678
0.22211233821678764,487.27178772220964,0.9420024555984216,0.25366510304363926,0.04000577916131695,2.9575418481922916e-05,20086.66611741569,17562.810546748737,1.2194594802582683,5.509431397949454,37656.20555504263
0.2512646510674628,488.3750356610391,0.9509276372283935,0.2549741782329782,0.0400067544656969,3.645351922997882e-05,18325.081062421177,20062.420143197047,1.300627633501917,6.418817673058192,38395.220650924784
0.280416963918138,489.50276706189516,0.959023219530774,0.25646614226244435,0.04000779523164227,4.447757025884412e-05,16520.79634460717,22815.81917058603,1.3887793998704314,7.498357862815808,39345.50265245589
0.30956927676881313,490.6618405985284,0.966276650784002,0.2581592541400581,0.04000890732299276,5.386777480691719e-05,14705.292167366166,25840.24623393438,1.4851588106760323,8.790825636160799,40555.814385747384
0.3387215896194883,491.86063050142866,0.9726899719920747,0.26007320318246624,0.04001009770170002,6.490217929548412e-05,12909.601440050517,29160.228180569167,1.5913696392526646,10.354202603339655,42081.775192862275
0.3675730113917587,493.09607417355255,0.9782257853341682,0.2622061464098022,0.0400113610734668,7.779057676530003e-05,11180.834504549826,32772.23395155283,1.708199778368238,12.24658040879149,43967.02323628982
0.3964244331640291,494.3921728857669,0.9829828941599048,0.26460071019897224,0.04001271919711883,9.308945439486805e-05,9526.424484957211,36760.37818071883,1.8393179147306495,14.59148874321916,46303.233472333995
0.4252758549362995,495.763303616838,0.9870009243131015,0.2672852740663442,0.04001418428522985,0.00011140098634349055,7969.431343169005,41199.85667578066,1.9881876041991515,17.54506454001324,49188.821271093875
0.44514831424323453,496.7603690908333,0.9893640564903609,0.2693207265671461,0.04001526342770819,0.00012617971727253596,6963.963647964307,44575.39027261148,2.1034066829276994,20.048958987239562,51561.50628624596
0.4650207735501696,497.8081900508131,0.9914182793852384,0.27152368627843765,0.04001640655352919,0.00014311956336096837,6019.373217043391,48264.50009974416,2.2311687715625936,23.052987048267394,54309.15747260738
0.4848932328571046,498.9148712380792,0.9931835892872354,0.27391049617945695,0.04001762090391329,0.00016266821211902136,5140.106536274308,52330.2851952954,2.3739263438127907,26.69877922484802,57499.46443713837
0.5047656921640397,500.0900317782831,0.9946812563428729,0.27650091928028586,0.04001891517526791,0.00018540416702429177,4329.7017843260255,56855.131937751685,2.5347936843723455,31.181094818870022,61218.54961058096
0.5207322000888354,501.0915680642512,0.9957056925935457,0.2787459235324158,0.04002002002426066,0.00020648638134870088,3730.2817096872,60895.55476093674,2.679841260286761,35.56992912684074,64664.08624101107
0.5366987080136311,502.15187449638546,0.9965835865012833,0.2811531788471153,0.04002118980798715,0.0002306219492323924,3177.976448484457,65374.31852072685,2.841791387574803,40.86779503428805,68596.00455563316
0.5526652159384268,503.2794363221149,0.9973270060664751,0.28374111346392017,0.040022432367460316,0.000258466381013966,2673.365891811634,70383.91917822037,3.0239739540565105,47.33957840537404,73107.64862239143
0.5686317238632225,504.484427594454,0.9979481190315748,0.28653216438590734,0.04002375713704863,0.0002908729172911945,2216.659402844171,76043.57088591234,3.2306390135173935,55.35221367257924,78318.81314144262
0.5796503786814069,505.36750412412647,0.9983117996024905,0.28859092182356944,0.04002472521238938,0.00031647192479551585,1929.3448459202634,80408.04928687213,3.3903538916422136,62.04356306597807,82402.82804975002
0.5906690334995913,506.29809989539126,0.9986270156352427,0.2907703203661364,0.04002574233316774,0.0003452470309474969,1664.6132332864306,85220.00571366448,3.566589598600151,69.94191451667626,86958.12745106619
0.6016876883177757,507.28183582114525,0.9988977122345977,0.29308316494401115,0.0400268137244727,0.0003777892923038849,1422.2228065626448,90559.00228124003,3.762127218860314,79.34899520927765,92064.3362102308
0.6127063431359602,508.32530816300556,0.9991277828794511,0.2955445897875094,0.040027945512471116,0.0004148413282262598,1201.8462141244795,96523.83696052873,3.980403487640988,90.66512624577277,97820.32870438663
0.6237249979541446,509.43633333055203,0.9993210563547742,0.2981726422452539,0.0400291449448602,0.00045734881975909394,1003.0659417187477,103238.67214713259,4.225716717753383,104.42999928976644,104350.39380485886
0.6324852781303637,510.3740035728106,0.9994509559933819,0.3003952402624415,0.04003015250782341,0.0004958361529355317,860.0991549972227,109216.07863015479,4.443615672348689,117.60428014857405,110198.22568097294
0.6412455583065828,511.3658280113007,0.9995618103874534,0.30274980951799313,0.04003121341245103,0.0005393173298303573,730.1583929938741,115866.27880642306,4.68543663036934,133.28883039414296,116734.41146644145
0.6500058384828019,512.4183627226907,0.9996554144434494,0.305251688200549,0.040032333691149224,0.000588774535430254,612.9054286100053,123312.84680323137,4.955401686241167,152.14606799131906,124082.85370151892
0.658766118659021,513.5393794462236,0.999733511792755,0.30791911099213765,0.04003352047161373,0.0006454570905691718,507.9629423912221,131710.81363668182,5.2587856608048,175.06762542764892,132399.1029901615
0.6655654630654165,514.4625328469504,0.9997845189403998,0.31011734868893176,0.04003449279844751,0.0006954417564430587,434.7275327380842,139008.54230475047,5.521489478603395,196.42329433260682,139645.21462129976
0.672364807471812,515.4376519258057,0.9998279693373974,0.31244052488148,0.04003551495779671,0.0007516928933977518,368.43409912583,147112.05107818614,5.812191921321887,221.7164658133312,147708.01383504661
0.6791641518782076,516.4707596433548,0.9998646026954019,0.31490284925397627,0.04003659241333463,0.000815401694613646,308.84882842396854,156163.01619577376,6.135656382443451,251.94899385212193,156729.9496744323
0.6859634962846031,517.5689595849668,0.9998951310848888,0.3175210990342845,0.04003773158407181,0.0008880713180461307,255.7231659844101,166337.81927420024,6.49779052103085,288.4561470783557,166888.49637778406
0.6912863454283,518.4795208039828,0.9999152144528549,0.31969239749456413,0.040038671321712946,0.0009524374901051704,218.46736836634315,175229.2887518534,6.813006141007217,322.56357375044587,175777.1327001112
0.696609194571997,519.4398943605792,0.9999322939208637,0.3219827101088006,0.04003965779217873,0.001024619096721201,184.86412362250567,185076.72867036978,7.160819839859186,362.76019863015034,185631.5138124623
0.701932043715694,520.4556423688235,0.9999466733060118,0.3244051957493797,0.04004069596144918,0.0011060529565605492,154.7674171147133,196041.89052675996,7.5465900271822575,410.5420489168758,196614.74658281877
0.7072548928593909,521.5332922645078,0.9999586425433383,0.32697530015568266,0.04004179163379447,0.0011985388899900212,128.02691421108466,208324.72569834738,7.976917244682007,467.88478586748323,208928.6143156706
0.711471738343694,522.4360221133647,0.9999665977094849,0.3291281327517232,0.040042704940585185,0.0012811389882485824,109.11901507671259,219153.87909563023,8.354824999794511,521.8203576006016,219793.17329330734
0.7156885838279972,523.3869203214341,0.9999733475398676,0.33139566154756483,0.040043662571602974,0.0013735101996639558,92.12942581435567,231118.75466557185,8.770835108125718,585.1296699858605,231804.78459648017
0.7199054293123003,524.3912100203653,0.9999790181377839,0.3337902432448878,0.04004466911475702,0.001477399564376778,76.97027753523601,244405.71947044937,9.231037417660009,660.0499450184384,245151.9707304207
0.7241222747966034,525.4549958625498,0.9999837286076884,0.33632631617762865,0.04004572991052104,0.0015949826009325225,63.55409984612776,259243.83984602636,9.742892670311063,749.5138904824952,260066.65072902528
0.7274965980787598,526.3538814588692,0.9999868830928014,0.3384689206139977,0.04004662201023211,0.0017007523675394902,54.01094674779546,272423.5966813289,10.195820672672033,834.1584216652674,273321.9618704146
0.7308709213609161,527.2997436470448,0.9999895518961747,0.34072311458938803,0.040047556569700535,0.0018187728616469014,45.47087535826923,286956.15031644184,10.693477066745391,933.1935549062197,287945.5082237731
0.7342452446430725,528.297559907771,0.9999917876793498,0.34310065499648007,0.04004853789057802,0.001951185176838451,37.882153807905816,303058.1165304647,11.242851126029453,1049.9737083703494,304157.21524376894
0.7376195679252289,529.3531288746019,0.9999936394381255,0.3456152305323297,0.040049570964017844,0.0021006429935303546,31.19580822286735,320994.52890254505,11.85246869360853,1188.870245323954,322226.4474247855
0.7403415375611029,530.2513103233248,0.9999948854385561,0.34775437577058804,0.04005044597033109,0.0022358645716256645,26.42328283494956,337020.9063593515,12.395211882191358,1320.908264657725,338380.6331187263
0.7430635071969769,531.1956360227409,0.9999959360608914,0.35000288740117036,0.04005136197913044,0.0023864815316838334,22.170769736703804,354662.55918086565,12.990657246632933,1474.9930262008388,356172.7136340498
0.7457854768328509,532.1909064052849,0.99999681330507,0.35237207366023005,0.04005232307274586,0.002555134888335781,18.408337470548204,374173.06581792684,13.646891954712347,1656.1653473173296,375861.28639466944
0.7485074464687249,533.2426994983381,0.9999975371034034,0.3548750637911494,0.04005333397581746,0.0027450855677670786,15.110217095743407,395861.555573172,14.373747646963503,1870.9633020696592,397762.0028399844
0.7512294161045989,534.3575475302185,0.9999981261809746,0.35752721847276253,0.040054400197819244,0.002960404216625079,12.25061656986336,420108.7376122929,15.18329799019699,2127.981318001488,422264.15284485446
0.7533349118259405,535.2679942578196,0.9999985017179525,0.35969239530147273,0.04005526695040655,0.00314756672237481,10.315326678900567,440915.9762507161,15.875600247093564,2362.8869932312473,443305.05417087337
0.755440407547282,536.2249185430799,0.9999988168799198,0.36196736521888395,0.04005617413527227,0.0033559045001682326,8.598875424358463,463803.9067084582,16.634743036543206,2636.7425859639184,466465.882912883
0.7575459032686236,537.2331250622149,0.9999990785478773,0.36436339057245154,0.0400571257544851,0.00358902471537635,7.08890256922802,489096.51709316915,17.470919574702943,2958.386510260995,492079.46342557407
0.7596513989899651,538.2981917228416,0.9999992923407951,0.3668935309351665,0.04005812643529747,0.0038513738913342785,5.779841962481496,517188.2016088172,18.396507420487996,3339.261272351359,520551.63923055155
0.7613495470405042,539.2030327597438,0.9999994342517643,0.36904218068161315,0.04005897289972655,0.004087987507453258,4.860833370885876,542210.9917506962,19.218391694135647,3699.6782846422093,545934.7492604034
0.7630476950910432,540.1530503577483,0.9999995530682717,0.3712972080172386,0.04005985803010866,0.0043507606284563325,4.0489584955420845,569676.541502511,20.117885810469588,4118.44083548017,573819.149182297
0.7647458431415822,541.1528093020607,0.9999996516990116,0.37366925803810924,0.040060785566949066,0.004644040168165748,3.3357170216860283,599955.8846220425,21.10655240581347,4608.457890648663,604588.7847821187
0.7664439911921213,542.2075927459882,0.9999997320021191,0.37617063307284837,0.04006175982164099,0.004973159416009737,2.7210086714335584,633498.6714220167,22.198373033509746,5186.342349028582,638709.9331527503
0.7681421392426603,543.3235606695358,0.9999997957835688,0.3788156536006641,0.04006278579920031,0.005344729454294546,2.205044657548385,670855.0942311634,23.410416527629838,5873.744787987706,676754.4544803363
0.7694739272393455,544.2462317746252,0.9999998364861716,0.3810013406121271,0.040063630385523616,0.005671140422876501,1.8573637984278977,703256.6180365722,24.458589016974607,6507.7363548406365,709790.6703442283
0.7708057152360307,545.2150202008336,0.9999998709776045,0.3832950515251813,0.04006451363325893,0.006033638766208249,1.5454095106497758,738818.2969537107,25.605891637124675,7244.333410139038,746089.7816649976
0.7721375032327159,546.2345974327297,0.9999998997798077,0.38570758732871957,0.040065439288427825,0.006438220181319394,1.2690803339986099,778020.1534059154,26.867122300619904,8106.23344221392,786154.523050764
0.7734692912294011,547.3103726462875,0.9999999226042691,0.38825142988620553,0.04006641166964762,0.006892239851853657,1.0390588274260522,821444.019518807,28.260182430048992,9122.646687650027,830595.9654477144
0.7748010792260863,548.4486566113326,0.9999999396308425,0.3909411091323314,0.04006743579180647,0.007404814792158341,0.8619742723747396,869802.0050816652,29.806937798989555,10331.642544541824,880164.3165382785
0.7758389297496726,549.3837670503889,0.9999999503481932,0.3931490996936066,0.04006827348524805,0.007852086608919074,0.7456098419141944,911466.1306979005,31.13597870844744,11439.074650221442,922937.0869366722
0.7768767802732589,550.365402390299,0.9999999601071459,0.3954653024619245,0.04006914935745192,0.008348456519169729,0.6315074580163199,957164.5266943458,32.59013197883742,12724.430306908007,969922.1786406906
0.7779146307968452,551.3982620358719,0.9999999686482834,0.3979004585702885,0.04007006709012865,0.008902021420138635,0.5245160475414598,1007506.286304052,34.18799756750947,14226.781780244683,1021767.7805979117
0.7789524813204315,552.4877865213833,0.9999999749503706,0.40046697034854545,0.0400710309253356,0.009522700246163822,0.4441534017828464,1063229.0477579904,35.95206302278265,15996.332386665954,1079261.776361081
0.7799903318440178,553.6403222773248,0.9999999786431694,0.40317926254082226,0.04007204578613129,0.010222769421692559,0.4025816855201815,1125234.8034294513,37.909779084404015,18098.398995643165,1143371.5147858644
0.7808006593465157,554.5887591174851,0.999999980959945,0.405409085525203,0.040072877310741446,0.010834312217991268,0.37738106375225705,1178724.2625218492,39.59448155386175,20025.37722420932,1198789.6116086761
0.7816109868490135,555.5842605517607,0.9999999838646789,0.40774735024905906,0.040073746600109136,0.011512527880276442,0.3370432996568193,1237363.0835325532,41.437283330851656,22259.901190290875,1259664.7590494745
0.7824213143515114,556.6315806670805,0.9999999868434074,0.41020475828150366,0.0400746572844059,0.0122683374815566,0.29036634778526116,1301925.654935703,43.46164167612886,24869.087385632967,1326838.4943293598
0.7832316418540093,557.7362251013823,0.9999999888132685,0.4127936598806259,0.040075613545223245,0.013115104210581308,0.26158417236748116,1373349.435714739,45.69591317721898,27939.063393984154,1401334.4566060726
0.7840419693565072,558.9046188713583,0.9999999900260684,0.4155284117167714,0.040076620234229116,0.014069346897802181,0.24786823041435646,1452780.3625725333,48.17471008646079,31581.734916019115,1484410.5200668692
0.7846761029023923,559.8682682819787,0.9999999910252032,0.417781035396459,0.04007744684107832,0.014904229565737179,0.23448115971190778,1521429.2236810394,50.312353537031434,34925.56675950713,1556405.3372752431
0.7853102364482775,560.8797749774736,0.9999999920394734,0.42014255789555444,0.040078310928872575,0.015829620390778232,0.21915569649128627,1596666.7555839063,52.65053643036604,38800.44142686078,1635520.066702894
0.7859443699941626,561.9439954043232,0.9999999928772938,0.42262369439732017,0.04007921609945713,0.016860270973186195,0.20714752039586215,1679483.5248209587,55.21906120018999,43321.78634301786,1722860.7373726973
0.7865785035400478,563.0665597359209,0.9999999937367364,0.4252368107629277,0.04008016650278462,0.018014218653563733,0.19296015199776909,1771079.1694085398,58.05397743323735,48637.62811073627,1819775.0444568612
0.7872126370859329,564.2540463296401,0.9999999950259487,0.4279962827179233,0.04008116695530802,0.01931374372242868,0.16283536866510695,1872920.8444976937,61.19932067185463,54940.17454347491,1927922.381197209
0.7877094936603527,565.2348026204004,0.9999999961914281,0.4302714600261165,0.04008198941774974,0.02045144520313698,0.13106827785674308,1961035.707930467,63.915461442217556,60729.06684670381,2021828.821306891
0.7882063502347725,566.2644886456366,0.9999999970620197,0.4326561556183505,0.040082849180146755,0.021711886118592795,0.1065326784512574,2057606.902196896,66.88708203437712,67434.12797950502,2125108.023791114
0.7887032068091923,567.348117983823,0.9999999976670728,0.4351611475228289,0.0400837498369807,0.02311500333265883,0.08935808161993962,2163910.584156713,70.15236105520034,75254.12681216963,2239234.9526880197
0.789200063383612,568.4915138438707,0.9999999984777066,0.4377988810550917,0.04008469553294639,0.024685166942595822,0.06176521053456173,2281494.1801696606,73.75754682571274,84443.95853160713,2366011.958013304
0.7896969199580318,569.7014946092811,0.9999999999040822,0.4405838343930422,0.04008569108283852,0.026452471789191873,0.004135281495533074,2412252.979830098,77.75922791983747,95334.61582842936,2507665.3590217284
0.7900862368932071,570.701282057214,1.0,0.4428797851023991,0.04008650961219949,0.0279990303113066,0.0,2525418.7760216184,81.2166482323635,105334.40367829058,2630834.396348141
0.7904755538283824,571.7513894770068,1.0,0.445285961727409,0.040087365333842995,0.029711693901125814,0.0,2649479.699002477,85.00116451928997,116913.25360508171,2766477.953772078
0.7908648707635577,572.8570522628609,1.0,0.44781325104694275,0.04008826185387725,0.03161738761924213,0.0,2786093.575769485,89.16214149059547,130413.81119572956,2916596.5491067055
0.791254187698733,574.0243679922825,1.0,0.45047423886369947,0.04008920333613641,0.03374902635084285,0.0,2937275.0328964945,93.75951864950987,146275.7211150254,3083644.513530169
0.7916435046339083,575.2604985082492,1.0,0.4532835874619465,0.04009019462542051,0.03614726488170514,0.0,3105497.8772432557,98.8668352153765,165070.31067556434,3270667.0547540355
0.7919482277229933,576.2814786819663,1.0,0.4555970418999652,0.0400910089108259,0.03824278314638696,0.0,3251019.5312202037,103.27845080497231,182306.19382753226,3433429.0034985407
0.7922529508120784,577.354555250401,1.0,0.4580214724178316,0.04009186033457886,0.040562375071561546,0.0,3410649.6916356096,108.11139064338354,202260.6863600799,3613018.4893863327
0.7925576739011634,578.4852658369236,1.0,0.4605679233975033,0.04009275253347782,0.04314233110918297,0.0,3586564.034857969,113.43018139754835,225524.9998125107,3812202.464851877
0.7928623969902484,579.6800838808819,1.0,0.46324918733147447,0.040093689715491536,0.046027035804484404,0.0,3781415.1367625957,119.31343696017693,252858.60239983696,4034393.052599393
0.7931671200793334,580.946644296692,1.0,0.466080200725479,0.04009467678849577,0.04927134660478264,0.0,3998472.3912296966,125.85797976972042,285249.8811210223,4283848.130330489
0.7933834685412884,581.8943439749307,1.0,0.46819059226512466,0.040095411003106665,0.05182992299114822,0.0,4168255.4822494555,130.9709135114677,312016.7555328175,4480403.208695784
0.7935998170032433,582.8865526080812,1.0,0.47039254881366627,0.04009617564211888,0.05463382240227699,0.0,4353040.43282568,136.52984905689598,342577.6974254059,4695754.6601001425
0.7938161654651983,583.9276386792917,1.0,0.4726943608123876,0.040096973421665905,0.05771867663423232,0.0,4554940.258867493,142.59723722753924,377673.43078101054,4932756.286885731
0.7940325139271532,585.022649629023,1.0,0.47510551281969077,0.04009780744642291,0.06112722012320963,0.0,4776490.438844779,149.2479694207279,418233.4826905635,5194873.169504763
0.7942488623891082,586.177462344105,1.0,0.4776369304475947,0.040098681289597746,0.06491116060162862,0.0,5020761.743987469,156.57269096466723,465436.95565521746,5486355.272333651
0.7944652108510631,587.3989791304779,1.0,0.4803012975261008,0.04009959909559402,0.0691336864802417,0.0,5291512.01540056,164.68225535590616,520797.49711147696,5812474.194767392
0.7946522339458282,588.5149307878585,1.0,0.4827230112033877,0.0401004316304135,0.0731968246573541,0.0,5550451.088370131,172.42971450937918,576727.3072187456,6127350.825303386
0.7948392570405932,589.6930590038276,1.0,0.48526631343172766,0.040101304273785235,0.07770755071250975,0.0,5836334.54708602,180.97458509968612,641855.8421242462,6478371.363795366
0.7950262801353583,590.9407250704509,1.0,0.4879442292308887,0.04010222126978426,0.08274158523217783,0.0,6153709.079196471,190.45071847384878,718295.1086996939,6872194.638614639
0.7952133032301233,592.2666905446052,1.0,0.49077205031926047,0.040103187596385564,0.08839255162667664,0.0,6508227.734039149,201.02441898137567,808798.9670771218,7317227.725535253
0.7953464861266203,593.2643871198579,1.0,0.4928870295485059,0.04010390901216137,0.09285609850426256,0.0,6787182.433088403,209.33647786836252,883785.8132442633,7671177.582810535
0.7954796690231173,594.3115732329287,1.0,0.495094758092214,0.04010466088311428,0.09774274289808355,0.0,7091700.78787528,218.40283317611164,969411.9861961231,8061331.176904579
0.7956128519196143,595.4134538095103,1.0,0.49740396178142315,0.040105446042343944,0.10311404981436999,0.0,7425577.470099911,228.33489456399263,1067778.3027459946,8493584.10774047
0.7957460348161113,596.5761028529838,1.0,0.4998246938568663,0.04010626775129967,0.1090440130511904,0.0,7793413.987375883,239.26767514332866,1181531.467887645,8975184.722938672
0.7958792177126083,597.8066699356233,1.0,0.5023686271912619,0.04010712979365292,0.11562239276706708,0.0,8200849.0413430445,251.36651050010465,1314044.2684602377,9515144.676313782
0.7960124006091053,599.1136533306179,1.0,0.5050494354075293,0.04010803659762294,0.12295921980212118,0.0,8654874.152519086,264.83625828460185,1469669.6725169227,10124808.661294295
0.7961268390346947,600.3054413100119,1.0,0.5074745002960646,0.040108855486705376,0.12997216572149456,0.0,9088839.133787429,277.6992864556157,1626145.0335128482,10715261.866586732
0.7962412774602842,601.568895052973,1.0,0.5100245955488338,0.04010971517697768,0.13775174010819652,0.0,9570608.03887012,291.96684506088724,1808553.3109262297,11379453.316641413
0.7963557158858736,602.91326645014,1.0,0.512713939750622,0.04011062026031094,0.14642880590262375,0.0,10108859.501690015,307.8926691688658,2022963.5089558477,12132130.903315032
0.7964701543114631,604.3497213412161,1.0,0.5155594211592597,0.04011157618545016,0.15616580572201244,0.0,10714561.151661124,325.79717479758983,2277338.3181519746,12992225.266987897
0.7965509364596535,605.4264348697507,1.0,0.5176728968271067,0.04011228507904467,0.1637859478701525,0.0,11190219.713092403,339.8457602685584,2486590.5923754727,13677150.151228145
0.7966317186078439,606.561488272761,1.0,0.51988258424656,0.04011302523802617,0.1721225648968502,0.0,11712582.936276209,355.2624543247308,2725771.031700266,14438709.2304308
0.7967125007560343,607.7616054622913,1.0,0.5221982080101145,0.040113799791277764,0.18128086416032085,0.0,12289176.127251253,372.2666505777534,3000894.95239892,15290443.346300751
0.7967932829042247,609.0347293983364,1.0,0.5246311016733677,0.04011461238227859,0.1913876836567809,0.0,12929266.912471754,391.12837308130554,3319574.153657755,16249232.19450259
0.7968740650524151,610.390333644472,1.0,0.5271945943658737,0.040115467292228965,0.20259742825747665,0.0,13644406.776508266,412.18397862387525,3691554.179303991,17336373.13979088
0.7969548472006055,611.8398409677247,1.0,0.5299045256189399,0.04011636960389268,0.2151001220855651,0.0,14449190.360914132,435.85816510515355,4129474.67314019,18579100.892219428
0.7970175324460912,613.0380981890378,1.0,0.5321202674500837,0.0401171062845045,0.22584145497659547,0.0,15147198.041118056,456.37470378702375,4525144.889729949,19672799.30555179
0.7970802176915769,614.3090442609348,1.0,0.5344461110957238,0.04011787853354212,0.2376376174508245,0.0,15921351.21268325,479.1124929079354,4980405.8848880185,20902236.210064176
0.7971429029370626,615.6619867128368,1.0,0.5368944561494443,0.04011869031928557,0.2506518529689752,0.0,16785336.590974532,504.46916574539307,5507882.332088501,22293723.39222878
0.7972055881825483,617.1080897084628,1.0,0.5394800010720232,0.04011954634180928,0.2650828640334884,0.0,17756374.2874208,532.9448020508844,6123705.217279916,23880612.449502766
0.797268273428034,618.6608876549936,1.0,0.5422203590459689,0.04012045222844077,0.28117495466848064,0.0,18856437.618498243,565.1772871208166,6848723.887801163,25705726.683586527
0.7973309586735197,620.3369846891469,1.0,0.5451368978400188,0.040121414800247744,0.2992318247604551,0.0,20114013.133320477,601.9933555521587,7710215.409937428,27824830.536613457
0.7973778714420316,621.684178315859,1.0,0.5474503568625305,0.04012217720459308,0.3142556443676149,0.0,21180284.748648588,633.1851461786853,8465451.928084942,29646369.861879706
0.7974247842105436,623.1223974894561,1.0,0.5498903737749694,0.04012298024767108,0.3307881493717613,0.0,22375829.834339943,668.135405635893,9336557.193344252,31713055.163089834
0.7974716969790556,624.6642801637572,1.0,0.5524728319048627,0.04012382898913243,0.34906680586664846,0.0,23726280.13114228,707.588023109721,10347915.886120472,34074903.60528587
0.7975186097475676,626.325107871323,1.0,0.5552168646088342,0.04012472952085542,0.3693799537585959,0.0,25264465.108122393,752.4961302609598,11530251.719198512,36795469.32345117
0.7975655225160796,628.1235401001331,1.0,0.5581458030371501,0.04012568926822458,0.39208019417883255,0.0,27033064.717647113,804.099636315497,12922401.626162078,39956270.4434455
0.7976124352845916,630.0825962485321,1.0,0.561288491522509,0.040126717408850945,0.4176014921143998,0.0,29088482.008125175,864.038790483313,14573421.056760244,43662767.1036759
0.7976494203016454,631.758837422908,1.0,0.563940165867972,0.04012758361981326,0.4400576389408593,0.0,30959925.713816006,918.5910549834241,16097291.400663543,47058135.70553453
0.7976864053186993,633.5697657361168,1.0,0.56676891937753,0.040128506412024985,0.4649150706009038,0.0,33105176.973013412,981.1095424775142,17856019.309840098,50962177.39239599
0.7977233903357531,635.5360714291666,1.0,0.5698016534268628,0.04012949435078101,0.492547658570928,0.0,35587744.68200686,1053.452192148709,19890583.15231202,55479381.286511034
0.797760375352807,637.6827059281675,1.0,0.5730717054072747,0.04013055806058451,0.5233914159791575,0.0,38491015.10758363,1138.0668942782997,22244462.95475111,60736616.12922902
0.7977973603698608,640.0397306580062,1.0,0.5766209181037736,0.040131710897339676,0.5579438147675322,0.0,41925731.16247454,1238.220421431035,24956835.443246476,66883804.82614245
0.7978215917128151,641.7150466079617,1.0,0.5791224933881214,0.040132522482158706,0.5828531401082605,0.0,44533500.00739871,1314.3194348631669,26938840.199720707,71473654.52655429
0.7978458230557693,643.5075533073966,1.0,0.5817847170260616,0.04013338539893813,0.6097427830127303,0.0,47485184.26466731,1400.5381663710486,29078081.171494655,76564665.97432834
0.7978700543987236,645.4299162893013,1.0,0.584629339003148,0.04013430664824923,0.6387539809475241,0.0,50845305.53560312,1498.8235960675024,31351610.649176385,82198415.00837557
0.7978878547530077,646.9326566588372,1.0,0.5868500268703738,0.040135025350255656,0.6614821700267705,0.0,53618658.65230929,1580.0771712542576,33078556.374805555,86698795.1042861
0.7979056551072918,648.5182550687581,1.0,0.5891948839023785,0.040135783866451336,0.6854349191995797,0.0,56690432.0478726,1670.235961177202,34814885.07883528,91506987.36266905
0.797923455461576,650.1920888436512,1.0,0.5916774591066883,0.04013658661896702,0.7106006154354968,0.0,60101562.59903613,1770.5834314931953,36506083.458606854,96609416.64107448
0.7979412558158601,651.9591282883343,1.0,0.5943131438955476,0.040137438663647176,0.7369209483116004,0.0,63897725.68427482,1882.5792081734933,38072739.83304872,101972348.09653172
0.7979590561701442,653.8235148375076,1.0,0.5971193619430509,0.040138345770678784,0.7642710388054749,0.0,68128822.31599082,2007.8597331132096,39403801.83625789,107534632.01198183
0.7979768565244283,655.7880068728203,1.0,0.6001157269556973,0.04013931450345893,0.7924348548506384,0.0,72847719.65672338,2148.2227729771357,40350869.602838546,113200737.4823349
0.7979918688401219,657.5232295446832,1.0,0.602806647928536,0.04014018485254846,0.816577665664077,0.0,77246230.80825317,2279.7388274340415,40714136.63261349,117962647.17969409
0.7980068811558154,659.3291839310842,1.0,0.6056627270025552,0.040141109251703944,0.8407843984948885,0.0,82060757.5364303,2424.5386465905294,40541416.90011372,122604598.97519061
0.798021893471509,661.2032588502327,1.0,0.6086993983394702,0.04014209311493674,0.8646955120719256,0.0,87319149.28908384,2583.809986452475,39696326.88451696,127018059.98358727
0.7980369057872025,663.1412462017513,1.0,0.6119330170589441,0.040143142311058366,0.887872887199209,0.0,93044575.32085584,2758.7081058853937,38054502.91687885,131101836.94584058
0.7980468905650665,664.4629009903764,1.0,0.614201157793148,0.04014387940021649,0.9026357702834119,0.0,97119969.4773781,2884.232794135351,36477324.24276085,133600177.95293309
0.7980568753429305,665.8085857613893,1.0,0.6165691336173599,0.04014465013098097,0.9166950126069237,0.0,101413647.09144208,3017.4832365214775,34500713.41162752,135917377.98630613
0.7980668601207944,667.1765544617006,1.0,0.6190421899725148,0.04014545654583854,0.9298943858227393,0.0,105928929.42898522,3158.7935766519995,32135443.557750866,138067531.78031275
0.7980768448986584,668.5653062587054,1.0,0.6216256535005574,0.04014630077705914,0.9420860346937795,0.0,110669236.57333714,3308.5304480847703,29415371.8745029,140087916.9782881
0.7980868296765223,669.9738356431981,1.0,0.6243249456653118,0.04014718505891117,0.9531401649073444,0.0,115639162.28836931,3467.126033821359,26399592.79966602,142042222.21406916
0.7980968144543863,671.4019098745105,1.0,0.6271456249771178,0.040148111749644305,0.962955340195595,0.0,120845923.34513932,3635.122930942204,23171771.13400827,144021329.60207853
0.7981090391258018,673.1782374028356,1.0,0.6307728461319142,0.04014930777528568,0.9731951994033491,0.0,127560585.23153217,3854.6609057960727,19085112.2998788,146649552.19231677
0.7981212637972173,674.9892364133688,1.0,0.6346020592710454,0.04015057622436655,0.9814585502386273,0.0,134682161.28471774,4091.140436946946,15054539.153937545,149740791.57909223
0.7981334884686327,676.8422162247174,1.0,0.6386458680090525,0.04015192282362513,0.9878260421451883,0.0,142263744.57189992,4347.026603365307,11298051.443876982,153566143.04238027
0.7981423309548464,678.214603104995,1.0,0.641712723018978,0.04015294927709168,0.991349996715512,0.0,148076725.42944866,4546.064655580088,8858824.411639307,156940095.90574354
0.7981511734410601,679.6194828884,1.0,0.6449056780801424,0.04015402296020116,0.9940700545920672,0.0,154207159.0911042,4758.577925091831,6714793.313574994,160926710.9826043
0.7981600159272738,681.062617848428,1.0,0.6482319098094257,0.0401551471704853,0.9960955714129351,0.0,160699993.99561027,4986.480173167491,4899615.815741584,165604596.291525
0.7981688584134875,682.550411470182,1.0,0.6516996227921228,0.04015632568053236,0.9975442665466512,0.0,167608233.3086231,5232.04266425152,3424456.7844572593,171037922.13574463
0.7981777008997012,684.0897816635809,1.0,0.6553182243617179,0.04015756282454073,0.998534297955091,0.0,174993192.95987695,5497.934454232691,2278454.1020351304,177277144.99636632
0.7981865433859149,685.6880435144752,1.0,0.6590985089480064,0.040158863596412686,0.9991765563857145,0.0,182924789.1967168,5787.271324911781,1432166.5855419028,184362743.0535836
0.7982007511661359,688.3988029277458,1.0,0.6655429585486159,0.04016110174048321,0.9997211597356906,0.0,197016970.21589506,6310.640405754449,586011.7068343873,197609292.56313518
0.7982093516596931,690.1372511382647,1.0,0.669687945216152,0.040162555696000926,0.9998701581017386,0.0,206493316.27899,6669.129056094587,307847.88950861024,206807833.2975547
0.7982179521532503,691.9588395815425,1.0,0.6740360616224336,0.040164093617729164,0.9999449999000922,0.0,216802843.80540484,7065.044261858984,147869.1525945588,216957778.00226128
0.7982265526468075,693.8720655592554,1.0,0.6786055821322902,0.04016572446427146,0.9999793508484413,0.0,228060134.00033447,7504.367786959702,63306.28556235343,228130944.6536838
0.7982351531403648,695.8861459588923,1.0,0.6834173064870912,0.040167458640705485,0.9999935058693872,0.0,240396921.38713515,7994.247325350448,22843.55312134731,240427759.18758187
0.798243753633922,698.0112821908511,1.0,0.6884949535787122,0.04016930828965389,0.999998358330689,0.0,253966338.0383279,8543.320286893184,6670.287208416238,253981551.6458232
0.7982523541274792,700.2589705409425,1.0,0.6938656533442292,0.04017128766723819,0.9999995416956047,0.0,268948269.02250874,9162.14365455407,2166.838177167384,268959598.0043404
0.7982554676528638,701.1053723945488,1.0,0.6958880870476697,0.04017203939099806,0.9999997510993467,0.0,274760382.153035,9405.803831982017,1245.5817946501631,274771033.53866166
0.7982585811782484,701.9702144387899,1.0,0.6979545869926758,0.04017281118939498,0.9999998861642968,0.0,280796453.88266426,9660.996907346382,603.6352127218507,280806718.51478434
0.7982616947036331,702.8542133653671,1.0,0.7000668659755455,0.040173604019775884,0.9999999415808732,0.0,287068553.86370176,9928.496890397939,328.62009144351526,287078810.9806836
0.7982648082290177,703.7581249000478,1.0,0.7022267272185814,0.04017441890198195,0.9999999591792623,0.0,293589565.4046848,10209.144686910271,243.87871008338632,293600018.4280818
0.7982679217544023,704.6827458449533,1.0,0.7044360721813242,0.040175256925270734,0.9999999792963454,0.0,300373240.6976176,10503.854948517657,131.52970133826733,300383876.08226746
0.7982710352797869,705.6289164850316,1.0,0.706696908811346,0.04017611925583167,0.9999999992859082,0.0,307434261.6293649,10813.623814464147,4.830189290727564,307445080.08336866
0.798273247926992,706.3149031113595,1.0,0.7083360466800319,0.04017674753474813,1.0,0.0,312629379.54372185,11043.509315016021,0.0,312640423.05303687
0.798275460574197,707.012554320758,1.0,0.7100030565824126,0.040177389195060524,0.999999997980252,0.0,317978430.67122513,11281.967134341496,14.969277127337602,317989727.60763663
0.798277673221402,707.7222177419432,1.0,0.7116987687219056,0.040178044737323365,0.999999997948773,0.0,323487670.4719978,11529.445416286588,15.930001417407949,323499215.8474155
0.798279885868607,708.4442550070019,1.0,0.7134240472056184,0.04017871468837028,1.0,0.0,329163660.00749385,11786.422079439415,0.0,329175446.4295733
0.798282098515812,709.1790425774249,1.0,0.7151797917491406,0.04017939960310727,1.0,0.0,335013283.44041425,12053.407251396533,0.0,335025336.84766567
0.798284311163017,709.9269725847334,1.0,0.7169669393736463,0.04018010006636817,1.0,0.0,341043766.2584125,12330.94592282935,0.0,341056097.20433533
0.79828662589814,710.7239210463724,1.0,0.7188712142071089,0.04018085015970466,1.0,0.0,347554301.39898616,12633.21864434776,0.0,347566934.6176305
0.7982889406332631,711.5361878534269,1.0,0.7208120911231142,0.04018161869097147,1.0,0.0,354280199.3038005,12948.394320329231,0.0,354293147.69812083
0.7982912553683861,712.3642825548068,1.0,0.7227907876420929,0.04018240645037616,1.0,0.0,361231060.6409889,13277.241245816882,0.0,361244337.8822347
0.7982935701035091,713.2087374887723,1.0,0.724808575774886,0.040183214275393474,1.0,0.0,368416986.33403033,13620.585702879298,0.0,368430606.9197332
0.7982958848386321,714.070108993415,1.0,0.7268667848480102,0.04018404305433879,1.0,0.0,375848603.3869578,13979.317215089406,0.0,375862582.7041729
0.7982981995737551,714.9489786519,1.0,0.7289668044758136,0.040184893730266326,1.0,0.0,383537090.98593295,14354.394339042721,0.0,383551445.380272
0.7983082590459818,718.9872694477099,1.0,0.7386161109706977,0.04018887121097779,1.0,0.0,420236139.63408214,16201.507038228823,0.0,420252341.1411204
0.7983183185182084,723.4250644848145,1.0,0.749220000163981,0.04019338189807115,1.0,0.0,463134452.2490108,18485.467420643927,0.0,463152937.71643144
0.7983283779904351,728.3312833466019,1.0,0.7609431469358601,0.04019855692258836,1.0,0.0,513588654.49148536,21357.838178699563,0.0,513610012.32966405
0.7983384374626618,733.7897181280993,1.0,0.7739857592440271,0.04020457460707099,1.0,0.0,573208242.229702,25039.526844686497,0.0,573233281.7565467
0.7983484969348884,739.901279494194,1.0,0.788588943680932,0.040211683108335956,1.0,0.0,643765388.4794292,29859.39072335302,0.0,643795247.8701526
0.7983605067634146,748.218304143972,1.0,0.8084618696869651,0.04022210014765796,1.0,0.0,744484161.3203957,37815.72695191213,0.0,744521977.0473477
0.7983676115551817,753.7465786137335,1.0,0.8216712265349828,0.040229582075695505,1.0,0.0,812802746.0904436,44152.97996847855,0.0,812846899.070412
0.7983747163469487,759.7806712081074,1.0,0.836089135916855,0.040238361835507816,1.0,0.0,886572771.2189245,52191.45785803101,0.0,886624962.6767826
0.7983818211387157,766.3502524444589,1.0,0.851786463252497,0.04024879603180734,1.0,0.0,962949985.5029354,62481.35077830437,0.0,963012466.8537138
0.7983866129391624,771.0858194109912,1.0,0.8631015410396661,0.04025699695671867,1.0,0.0,1013113210.6586367,71038.20722588478,0.0,1013184248.8658626
0.798391404739609,776.0528382701045,1.0,0.8749695761187908,0.04026633696276779,1.0,0.0,1058865441.0122238,81177.37797701676,0.0,1058946618.3902009
0.7983961965400557,781.2205081384906,1.0,0.8873169489515367,0.04027702326007979,1.0,0.0,1096035747.6239626,93145.2095263598,0.0,1096128892.833489
0.7984009883405023,786.5353039239226,1.0,0.9000157368782532,0.040289290982478916,1.0,0.0,1119249019.224195,107152.91115172015,0.0,1119356172.1353467
0.798405780140949,791.9158802938174,1.0,0.9128715376853909,0.040303395190851014,1.0,0.0,1122289709.3392487,123313.75495373175,0.0,1122413023.0942023
0.7984105719413956,797.25093982162,1.0,0.9256183770333204,0.04031959407732003,1.0,0.0,1099088227.7076967,141557.22363757642,0.0,1099229784.9313343
0.7984146574117599,801.6610933708095,1.0,0.9361551647399468,0.04033523674251821,1.0,0.0,1055308002.1636328,158506.5308300521,0.0,1055466508.6944628
0.7984187428821241,805.846071474149,1.0,0.9461537162401656,0.04035268354643601,1.0,0.0,988819715.9735891,176326.24320504116,0.0,988996042.2167941
0.7984213278431717,808.3360138982208,1.0,0.9521024164065063,0.040364685880314076,1.0,0.0,935934223.8713514,187800.18937234464,0.0,936122024.0607237
0.7984239128042192,810.6797087936945,1.0,0.9577015811111159,0.040377439128941234,1.0,0.0,875973009.7485644,199236.57899078474,0.0,876172246.3275552
0.7984264977652668,812.8610184514738,1.0,0.9629126494097839,0.04039093462652332,1.0,0.0,810490822.6639196,210466.15342935073,0.0,810701288.817349
0.7984290827263143,814.8679609599673,1.0,0.9677069918064238,0.040405153193643316,1.0,0.0,741325715.2606871,221323.5186159207,0.0,741547038.7793031
0.7984316676873618,816.6934406326095,1.0,0.9720676556138524,0.04042006542977593,1.0,0.0,670443216.4387884,231659.10296370587,0.0,670674875.5417521
0.7984361851503604,819.4441823626405,1.0,0.9786380817676144,0.040447672720042724,1.0,0.0,548145474.7477179,248112.08978009215,0.0,548393586.837498
0.7984394932262677,821.1168981581583,1.0,0.9826331060778777,0.040469011655784905,1.0,0.0,464000143.8782209,258668.26149282127,0.0,464258812.13971376
0.798442801302175,822.5232114968082,1.0,0.9859914724309553,0.04049117656877282,1.0,0.0,387150734.46242684,267890.86153705313,0.0,387418625.3239639
0.7984461093780824,823.6896434737706,1.0,0.98877656456275,0.04051405662553208,1.0,0.0,318978171.85231715,275800.1807920298,0.0,319253972.0331092
0.7984494174539897,824.6457407115853,1.0,0.9910589954247626,0.040537545392421125,1.0,0.0,259987764.03482687,282475.95694382605,0.0,260270239.9917707
0.798452725529897,825.421688631743,1.0,0.9929109036433476,0.040561544548953776,1.0,0.0,209991009.1748646,288037.4328865143,0.0,210279046.6077511
0.7984560336058043,826.0463107489333,1.0,0.9944011724971117,0.04058596653630404,1.0,0.0,168333504.50015366,292623.27337571315,0.0,168626127.77352938
0.7984601383208855,826.6500616099703,1.0,0.9958409717217612,0.04061674485612154,1.0,0.0,126853877.16986242,297170.5645794452,0.0,127151047.73444186
0.7984642430359666,827.1038536388692,1.0,0.9969223986804209,0.04064793895932407,1.0,0.0,94887094.18477267,300688.6777366834,0.0,95187782.86250935
0.7984683477510478,827.4426613327108,1.0,0.9977290353376344,0.040679454423119536,1.0,0.0,70582680.4381678,303399.32338986296,0.0,70886079.76155765
0.798472452466129,827.6943898686079,1.0,0.9983275692559017,0.04071121760187013,1.0,0.0,52291282.14124759,305487.9650228815,0.0,52596770.10627048
0.7984765571812101,827.8808628309143,1.0,0.9987701541646908,0.04074317188627507,1.0,0.0,38623524.53705077,307104.5702580127,0.0,38930629.10730878
0.7984806618962913,828.0187694337211,1.0,0.9990966736895976,0.040775274516182854,1.0,0.0,28461994.538310442,308366.54924154445,0.0,28770361.087551985
0.7984880740223544,828.1830202095433,1.0,0.9994836887059613,0.04083352322772038,1.0,0.0,16331357.224065302,310021.2667696573,0.0,16641378.490834959
0.7984954861484176,828.2778556000112,1.0,0.9997048082840165,0.04089203084246555,1.0,0.0,9358155.954656944,311161.47811554425,0.0,9669317.432772487
0.7985028982744807,828.3326573946473,1.0,0.9998302484934121,0.04095072289297237,1.0,0.0,5388443.453319076,312003.4175836399,0.0,5700446.870902716
0.7985078333631307,828.3562636362803,1.0,0.9998829799100557,0.040989879354422026,1.0,0.0,3716660.2467034655,312467.8260955703,0.0,4029128.072799036
0.7985127684517807,828.3731873803717,1.0,0.9999197381252745,0.04102908984973333,1.0,0.0,2550208.8738355837,312882.32131208957,0.0,2863091.195147673
0.7985177035404306,828.3852687967303,1.0,0.9999449207137076,0.0410683500332793,1.0,0.0,1750567.9771376785,313260.65321117453,0.0,2063828.630348853
0.7985226386290806,828.393958020606,1.0,0.9999619931758393,0.04110765629927276,1.0,0.0,1208207.698443658,313613.69248964125,0.0,1521821.3909332992
0.7985275737177305,828.4004129773659,1.0,0.9999737227044075,0.04114700567455459,1.0,0.0,835462.6732327671,313950.1465422785,0.0,1149412.8197750456
0.7985325088063805,828.405396982641,1.0,0.9999819334555216,0.04118639624361373,1.0,0.0,574477.1016662668,314275.76420892787,0.0,888752.8658751947
0.7985419071134929,828.412393667802,1.0,0.9999915981402345,0.04126152120943504,1.0,0.0,267205.25328403583,314877.757530542,0.0,582083.0108145778
0.7985513054206054,828.417360368048,1.0,0.9999963987604465,0.04133678785752279,1.0,0.0,114544.07751412978,315465.3620445953,0.0,430009.4395587251
0.7985607037277178,828.421159887766,1.0,0.9999983972019881,0.04141219430420291,1.0,0.0,50984.53772187019,316045.0893161588,0.0,367029.62703802896
0.7985701020348303,828.4244369838189,1.0,0.9999991342738657,0.04148773912045858,1.0,0.0,27540.632552177787,316621.82952177036,0.0,344162.4620739481
0.7985795003419427,828.4275722596728,1.0,0.9999995195156125,0.041563421551569606,1.0,0.0,15286.388646478452,317198.48228952766,0.0,332484.87093600613
0.7985899973541299,828.4310310824825,1.0,0.9999998317866384,0.04164811428104745,1.0,0.0,5352.068534397928,317843.3981773211,0.0,323195.46671171905
0.7986004943663172,828.4344318234927,1.0,0.9999999890858423,0.04173297905101821,1.0,0.0,347.285269597542,318489.1128350815,0.0,318836.3981046791
0.7986109913785044,828.4377797902714,1.0,1.0,0.04181801620249132,1.0,0.0,0.0,319135.6666980153,0.0,319135.6666980153
0.7986214883906917,828.4411179246234,1.0,0.9999999793098938,0.041903225968234814,1.0,0.0,658.4572678265731,319783.3915332759,0.0,320441.8488011025
0.7986319854028789,828.4444736808609,1.0,0.999999980401829,0.04198860862007811,1.0,0.0,623.7562600466215,320432.5017495145,0.0,321056.2580095611
0.7986506535925155,828.4504634547213,1.0,0.9999999941492785,0.04214088388130896,1.0,0.0,186.238890435479,321590.1610591844,0.0,321776.3999496199
0.7986693217821521,828.4564789414917,1.0,1.0,0.04229370909799352,1.0,0.0,0.0,322751.9925468586,0.0,322751.9925468586
0.7986879899717887,828.4625114573221,1.0,1.0,0.042447086262774665,1.0,0.0,0.0,323917.9423531354,0.0,323917.9423531354
0.7987066581614253,828.4685613856907,1.0,1.0,0.042601017343067704,1.0,0.0,0.0,325088.0269071171,0.0,325088.0269071171
0.7988075771575862,828.50164251305,1.0,1.0,0.04344288114041955,1.0,0.0,0.0,331486.5336553354,0.0,331486.5336553354
0.7989084961537471,828.5353722930832,1.0,1.0,0.044301319393798944,1.0,0.0,0.0,338009.67954008037,0.0,338009.67954008037
0.7990094151499081,828.5697709885725,1.0,1.0,0.04517664174776782,1.0,0.0,0.0,344659.7888050322,0.0,344659.7888050322
0.7991801751794166,828.6295485367618,1.0,1.0,0.04669706722488289,1.0,0.0,0.0,356207.82582356693,0.0,356207.82582356693
0.7993509352089252,828.6913724768996,1.0,1.0,0.04826836712837572,1.0,0.0,0.0,368138.1175214938,0.0,368138.1175214938
0.7995216952384337,828.7553054847488,1.0,1.0,0.04989225188663492,1.0,0.0,0.0,380463.0798138567,0.0,380463.0798138567
0.7996924552679423,828.8213920662035,1.0,1.0,0.051570474500529415,1.0,0.0,0.0,393195.2001634716,0.0,393195.2001634716
0.8000100577395483,828.950190078177,1.0,1.0,0.054842606776669786,1.0,0.0,0.0,418003.00753326656,0.0,418003.00753326656
0.8003276602111542,829.0869169987853,1.0,1.0,0.05832102920411478,1.0,0.0,0.0,444348.25559821073,0.0,444348.25559821073
0.8006452626827602,829.2319698444102,1.0,1.0,0.062018457623524814,1.0,0.0,0.0,472319.767451489,0.0,472319.767451489
0.8009628651543661,829.38638394879,1.0,0.9999999766081584,0.06594839690192841,1.0,0.0,761.2654212817331,502018.162747371,0.0,502779.42816865275
0.8013665899576623,829.5969741713732,1.0,1.0,0.07130219848836601,1.0,0.0,0.0,542419.1174569426,0.0,542419.1174569426
0.8017703147609585,829.8245843227494,1.0,1.0,0.07708617814642668,1.0,0.0,0.0,585985.1127443877,0.0,585985.1127443877
0.8021740395642547,830.0701973189355,1.0,1.0,0.0833339103662086,1.0,0.0,0.0,632937.9699455143,0.0,632937.9699455143
0.8025777643675509,830.335589249734,1.0,0.9999999716374436,0.09008132319528225,1.0,0.0,943.9349975119409,683520.0959161548,0.0,684464.0309136667
0.8029814891708471,830.6223077824317,1.0,1.0,0.0973668218860942,1.0,0.0,0.0,737979.549014541,0.0,737979.549014541
0.8034574195319152,830.9895597613587,1.0,1.0,0.10670227239089701,1.0,0.0,0.0,807500.2471292337,0.0,807500.2471292337
0.8039333498929833,831.3913819795755,1.0,0.9999999824360515,0.11691433500033009,1.0,0.0,599.2524879628095,883188.9929250544,0.0,883788.2454130172
0.8044092802540513,831.8308543674776,1.0,1.0,0.12807998088532643,1.0,0.0,0.0,965477.6855803849,0.0,965477.6855803849
0.8048852106151194,832.3111459000279,1.0,1.0,0.1402813233706968,1.0,0.0,0.0,1054787.685710892,0.0,1054787.685710892
0.8053611409761875,832.8355645232858,1.0,1.0,0.15360539049526384,1.0,0.0,0.0,1151514.314203113,0.0,1151514.314203113
0.8060081397091037,833.6260671574577,1.0,1.0,0.17368412795006946,1.0,0.0,0.0,1295533.5859829793,0.0,1295533.5859829793
0.8066551384420199,834.5152404318138,1.0,1.0,0.1962480517305904,1.0,0.0,0.0,1454582.4085091276,0.0,1454582.4085091276
0.8071585352518461,835.2811789667476,1.0,1.0,0.21568214682957443,1.0,0.0,0.0,1588873.3083875685,0.0,1588873.3083875685
0.8076619320616724,836.1166125611089,1.0,1.0,0.23688743156443196,1.0,0.0,0.0,1732193.5545718393,0.0,1732193.5545718393
0.8081653288714986,837.0261233282054,1.0,1.0,0.259975379841586,1.0,0.0,0.0,1884005.0737739957,0.0,1884005.0737739957
0.8086687256813249,838.0139945398377,1.0,1.0,0.2850476519654402,1.0,0.0,0.0,2043298.324745752,0.0,2043298.324745752
0.8090663580723396,838.8520405864842,1.0,1.0,0.30631202811889785,1.0,0.0,0.0,2173364.9172326545,0.0,2173364.9172326545
0.8094639904633544,839.7423594693,1.0,1.0,0.3288990732257309,1.0,0.0,0.0,2305942.4519165307,0.0,2305942.4519165307
0.8098616228543691,840.6856297479975,1.0,1.0,0.35282608761956485,1.0,0.0,0.0,2439517.5571430605,0.0,2439517.5571430605
0.8102592552453839,841.681885733739,1.0,1.0,0.37809319036882755,1.0,0.0,0.0,2572166.3677789727,0.0,2572166.3677789727
0.8106568876363986,842.7303159183987,1.0,1.0,0.40467887605515873,1.0,0.0,0.0,2701509.380976026,0.0,2701509.380976026
0.8110704294967843,843.8740369709047,1.0,1.0,0.4336754315955427,1.0,0.0,0.0,2829439.339627952,0.0,2829439.339627952
0.81148397135717,845.0686560491656,1.0,1.0,0.46395649505886494,1.0,0.0,0.0,2946925.155721491,0.0,2946925.155721491
0.8118975132175557,846.3089767586534,1.0,1.0,0.49538979338196987,1.0,0.0,0.0,3049694.926644524,0.0,3049694.926644524
0.8123110550779413,847.5879597425675,1.0,1.0,0.527796335882835,1.0,0.0,0.0,3133110.7254624357,0.0,3133110.7254624357
0.812724596938327,848.8966167617965,1.0,1.0,0.5609478633575533,1.0,0.0,0.0,3192395.340165693,0.0,3192395.340165693
0.8131381387987127,850.2240099944628,1.0,1.0,0.5945669722322734,1.0,0.0,0.0,3222957.632967782,0.0,3222957.632967782
0.8135686258617171,851.6119837907193,1.0,1.0,0.6297129339711615,1.0,0.0,0.0,3219974.4004394864,0.0,3219974.4004394864
0.8139991129247215,852.9904605134594,1.0,1.0,0.6646109532427902,1.0,0.0,0.0,3178291.0611302825,0.0,3178291.0611302825
0.8142788820736702,853.8731205306971,1.0,1.0,0.6869528354199088,1.0,0.0,0.0,3129682.1576963915,0.0,3129682.1576963915
0.8145586512226188,854.7398024905789,1.0,1.0,0.7088873811434959,1.0,0.0,0.0,3064174.8829185925,0.0,3064174.8829185925
0.8148384203715675,855.5858577567502,1.0,1.0,0.7302971532266228,1.0,0.0,0.0,2982303.128403835,0.0,2982303.128403835
0.8151181895205162,856.4068326790689,1.0,1.0,0.7510697028067728,1.0,0.0,0.0,2885041.245168208,0.0,2885041.245168208
0.8153979586694649,857.1986005890577,1.0,1.0,0.7711008997173465,1.0,0.0,0.0,2773783.541206927,0.0,2773783.541206927
0.8157118562921479,858.0476401139676,1.0,1.0,0.7925785141554406,1.0,0.0,0.0,2634494.017821696,0.0,2634494.017821696
0.816025753914831,858.8509087987695,1.0,1.0,0.81289594956529,1.0,0.0,0.0,2482755.96258248,0.0,2482755.96258248
0.8163396515375141,859.6050122208419,1.0,1.0,0.8319678124129972,1.0,0.0,0.0,2321820.1567176827,0.0,2321820.1567176827
0.8166535491601972,860.3075991947152,1.0,1.0,0.8497350938514507,1.0,0.0,0.0,2155072.9458870864,0.0,2155072.9458870864
0.8169674467828802,860.9573730373797,1.0,1.0,0.8661654351746428,1.0,0.0,0.0,1985856.8593153355,0.0,1985856.8593153355
0.8172813444055633,861.5540563029405,1.0,1.0,0.8812522200682245,1.0,0.0,0.0,1817306.652439222,0.0,1817306.652439222
0.8176984086726431,862.26593324135,1.0,1.0,0.8992503693662857,1.0,0.0,0.0,1599136.8340300876,0.0,1599136.8340300876
0.8181154729397229,862.8890097842095,1.0,1.0,0.9150024824842118,1.0,0.0,0.0,1392390.926719002,0.0,1392390.926719002
0.8185325372068026,863.4289268371837,1.0,1.0,0.9286517383531971,1.0,0.0,0.0,1200911.182476915,0.0,1200911.182476915
0.8189496014738824,863.8926122884737,1.0,1.0,0.9403737014919681,1.0,0.0,0.0,1027061.7202066877,0.0,1027061.7202066877
0.8193666657409622,864.2876880254555,1.0,1.0,0.9503613491736018,1.0,0.0,0.0,871905.3518579722,0.0,871905.3518579722
0.819844318592598,864.6659869682793,1.0,1.0,0.9599253073375636,1.0,0.0,0.0,717137.36313348,0.0,717137.36313348
0.8203219714442338,864.9760448934824,1.0,1.0,0.967764712075171,1.0,0.0,0.0,585672.2845921641,0.0,585672.2845921641
0.8207996242958696,865.228496332875,1.0,1.0,0.9741484607967569,1.0,0.0,0.0,475503.808495388,0.0,475503.808495388
0.8212772771475054,865.4329144448924,1.0,1.0,0.979318555854842,1.0,0.0,0.0,384204.0865740982,0.0,384204.0865740982
0.8217549299991412,865.5977031021314,1.0,1.0,0.983487402060647,1.0,0.0,0.0,309218.10947993293,0.0,309218.10947993293
0.822232582850777,865.73007046065,1.0,1.0,0.9868371575555984,1.0,0.0,0.0,248073.11002201142,0.0,248073.11002201142
0.822996138395167,865.8891060981348,1.0,1.0,0.9908641011052622,1.0,0.0,0.0,173506.58715517996,0.0,173506.58715517996
0.8235478812434237,865.9731344402542,1.0,1.0,0.9929936083694717,1.0,0.0,0.0,133603.77352309087,0.0,133603.77352309087
0.8240996240916804,866.0377073449099,1.0,1.0,0.9946316480054265,1.0,0.0,0.0,102687.30779954251,0.0,102687.30779954251
0.824651366939937,866.087239144487,1.0,1.0,0.9958897405728078,1.0,0.0,0.0,78810.0381171518,0.0,78810.0381171518
0.8252031097881937,866.1251735081572,1.0,1.0,0.9968548803952929,1.0,0.0,0.0,60414.82254034203,0.0,60414.82254034203
0.8257548526364503,866.154179912468,1.0,1.0,0.9975945011365832,1.0,0.0,0.0,46272.08495023883,0.0,46272.08495023883
0.826601211592302,866.1858795408871,1.0,1.0,0.9984058508700298,1.0,0.0,0.0,30711.98488267672,0.0,30711.98488267672
0.8274475705481538,866.2067216806333,1.0,1.0,0.998942945148066,1.0,0.0,0.0,20385.207058786316,0.0,20385.207058786316
0.8282939295040055,866.2203864975884,1.0,1.0,0.9992987455601509,1.0,0.0,0.0,13532.634428347405,0.0,13532.634428347405
0.8291402884598572,866.229318628341,1.0,1.0,0.999535003374938,1.0,0.0,0.0,8977.327822258658,0.0,8977.327822258658
0.8299866474157089,866.2351096309882,1.0,1.0,0.9996919198458336,1.0,0.0,0.0,5949.578016145451,0.0,5949.578016145451
0.8308330063715607,866.2388028894092,1.0,1.0,0.9997958492151542,1.0,0.0,0.0,3943.2560940121098,0.0,3943.2560940121098
0.8316919378513444,866.2411275197891,1.0,1.0,0.9998653661560406,1.0,0.0,0.0,2600.8256798384905,0.0,2600.8256798384905
0.8325508693311282,866.2425128786241,1.0,1.0,0.9999111579958965,1.0,0.0,0.0,1716.3619051503163,0.0,1716.3619051503163
0.833409800810912,866.2432846924053,1.0,1.0,0.9999414524647705,1.0,0.0,0.0,1131.149189410863,0.0,1131.149189410863
0.8342687322906958,866.2436498856044,1.0,1.0,0.999961476201563,1.0,0.0,0.0,744.3079606093028,0.0,744.3079606093028
0.8351276637704795,866.2437431657079,1.0,1.0,0.9999746316479678,1.0,0.0,0.0,490.14259875698656,0.0,490.14259875698656
0.8359865952502633,866.2436570247578,1.0,1.0,0.9999832550321347,1.0,0.0,0.0,323.53212437423605,0.0,323.53212437423605
0.8373212597983786,866.2433131432932,1.0,1.0,0.9999913494146137,1.0,0.0,0.0,167.1393542450755,0.0,167.1393542450755
0.8386559243464938,866.2428201592163,1.0,1.0,0.999995677641921,1.0,0.0,0.0,83.51240564569929,0.0,83.51240564569929
0.8399905888946091,866.2422425677403,1.0,1.0,0.9999978688066128,1.0,0.0,0.0,41.17640053936822,0.0,41.17640053936822
0.8413252534427244,866.2416191885719,1.0,1.0,0.9999989034106824,1.0,0.0,0.0,21.18672581257178,0.0,21.18672581257178
0.8426599179908396,866.2409747855859,1.0,1.0,0.9999994069449843,1.0,0.0,0.0,11.457996796215156,0.0,11.457996796215156
0.8434229911442386,866.2406025302236,1.0,1.0,0.9999995981215049,1.0,0.0,0.0,7.76434636247743,0.0,7.76434636247743
0.8441860642976375,866.2402278870153,1.0,1.0,0.9999997289771593,1.0,0.0,0.0,5.236153828698628,0.0,5.236153828698628
0.8449491374510365,866.2398514416678,1.0,1.0,0.9999998143068444,1.0,0.0,0.0,3.5875563669966946,0.0,3.5875563669966946
0.8457122106044355,866.2394738553194,1.0,1.0,0.9999998708098807,1.0,0.0,0.0,2.495907264632877,0.0,2.495907264632877
0.8473242652194568,866.238673977429,1.0,1.0,0.9999999346935347,1.0,0.0,0.0,1.2616749536133027,0.0,1.2616749536133027
0.8489363198344781,866.2378728749278,1.0,1.0,0.9999999676158703,1.0,0.0,0.0,0.6256272619756684,0.0,0.6256272619756684
0.8505483744494995,866.2370712955689,1.0,1.0,0.9999999884644352,1.0,0.0,0.0,0.22285091463743192,0.0,0.22285091463743192
0.8521604290645208,866.236269284023,1.0,1.0,0.9999999983677437,1.0,0.0,0.0,0.031532327643555215,0.0,0.031532327643555215
0.8541754973332976,866.2352664384834,1.0,1.0,1.0,1.0,0.0,0.0,0.0,0.0,0.0
0.8561905656020743,866.2342634618395,1.0,1.0,1.0,1.0,0.0,0.0,0.0,0.0,0.0
0.858205633870851,866.2332604589294,1.0,1.0,1.0,1.0,0.0,0.0,0.0,0.0,0.0
0.8783563165586183,866.2232306150303,1.0,1.0,1.0,1.0,0.0,0.0,0.0,0.0,0.0
0.8985069992463857,866.2132009506289,1.0,1.0,1.0,1.0,0.0,0.0,0.0,0.0,0.0
1.1000138261240588,866.1129195248817,1.0,1.0,1.0,1.0,0.0,0.0,0.0,0.0,0.0
1.301520653001732,866.0126554162456,1.0,1.0,1.0,1.0,0.0,0.0,0.0,0.0,0.0
3.3165889217784637,865.0115329978302,1.0,1.0,1.0,1.0,0.0,0.0,0.0,0.0,0.0
5.3316571905551955,864.0121367350805,1.0,1.0,1.0,1.0,0.0,0.0,0.0,0.0,0.0
11.571344843140437,860.9276174100786,1.0,1.0,1.0,1.0,0.0,0.0,0.0,0.0,0.0
17.81103249572568,857.8593720793585,1.0,1.0,1.0,1.0,0.0,0.0,0.0,0.0,0.0
20.0,856.7868973860229,1.0,1.0,1.0,1.0,0.0,0.0,0.0,0.0,0.0
